Fecha|tx|rx||||||||
2024/01/01|130345750177|406330416418||||||||
2024/01/02|234491803078|1228803564126||||||||
2024/01/03|239949554815|747672626508||||||||
2024/01/04|247225332178|781934660916||||||||
2024/01/05|206942245488|559522177753||||||||
2024/01/06|135433829022|830442752788||||||||
2024/01/07|410704300738|366641464596||||||||
2024/01/08|159812348975|453794193260||||||||
2024/01/09|288636002737|893058241855||||||||
2024/01/10|304423261517|897474570775||||||||
2024/01/11|342810663724|886881141509||||||||
2024/01/12|356466546972|998951392572||||||||
2024/01/13|128511297070|585772119204||||||||
2024/01/14|249646661256|317639979795||||||||
2024/01/15|288112495000|410873313980||||||||
2024/01/16|441669244362|605066029462||||||||
2024/01/17|501764905865|826020045109||||||||
2024/01/18|525611596341|1106607286360||||||||
2024/01/19|655486251049|1046228627928||||||||
2024/01/20|563924399460|317394296629||||||||
2024/01/21|632812822807|555387329446||||||||
2024/01/22|875854954717|953909553767||||||||
2024/01/23|753122469935|904316819143||||||||
2024/01/24|825557573443|1061100198736||||||||
2024/01/25|740423600240|881273890022||||||||
2024/01/26|601380697595|667117515594||||||||
2024/01/27|346217848265|451583207917||||||||
2024/01/28|441229742032|436513654621||||||||
2024/01/29|783880957168|964690533661||||||||
2024/01/30|751635949452|908373045493||||||||
2024/01/31|732407363271|959849244157||||||||
2024/02/01|769072556887|854630658680||||||||
2024/02/02|605169732315|687233543009||||||||
2024/02/03|374762970188|409017461033||||||||
2024/02/04|525699173009|747126517094||||||||
2024/02/05|790515211947|1114441603939||||||||
2024/02/06|858871396611|1204083076184||||||||
2024/02/07|864206358822|1304214707951||||||||
2024/02/08|941379599887|1247665212521||||||||
2024/02/09|656066202398|850272987280||||||||
2024/02/10|360490409227|430300334475||||||||
2024/02/11|483464457521|591820085858||||||||
2024/02/12|747361009464|983001245616||||||||
2024/02/13|707213068906|1042979457349||||||||
2024/02/14|792771101792|1079509501922||||||||
2024/02/15|789716918532|891198525015||||||||
2024/02/16|644198713875|700596831728||||||||
2024/02/17|452535551530|460923689083||||||||
2024/02/18|504581815265|669473301476||||||||
2024/02/19|860882760734|1275760193278||||||||
2024/02/20|822442070605|1027632355735||||||||
2024/02/21|849113451980|1056688895405||||||||
2024/02/22|840020431303|779843630572||||||||
2024/02/23|650132458137|775434909504||||||||
2024/02/24|406512980379|445612011779||||||||
2024/02/25|494023136393|630646693667||||||||
2024/02/26|804121885099|1129380719447||||||||
2024/02/27|485541190197|547924777382||||||||
2024/02/28|543775178875|675587097472||||||||
2024/02/29|497314649272|676535157202||||||||
2024/03/01|446680420357|522097399749||||||||
2024/03/02|250131131839|244315640865||||||||
2024/03/03|375503018418|488528747959||||||||
2024/03/04|601211306265|656317338437||||||||
2024/03/05|447095904305|545136035567||||||||
2024/03/06|512929074538|641557737164||||||||
2024/03/07|512079390485|667656295024||||||||
2024/03/08|422775145565|461224171190||||||||
2024/03/09|243204130062|225574490547||||||||
2024/03/10|339981128051|425411653427||||||||
2024/03/11|658251387523|624735280165||||||||
2024/03/12|575570402473|665898157035||||||||
2024/03/13|678770857795|633540746975||||||||
2024/03/14|627745264646|694667950518||||||||
2024/03/15|468220869910|485893163236||||||||
2024/03/16|337720481054|260214589038||||||||
2024/03/17|448108601032|427684980734||||||||
2024/03/18|748959996726|712316014340||||||||
2024/03/19|619548094832|730400539730||||||||
2024/03/20|598082436629|680159353431||||||||
2024/03/21|530437801560|628569572216||||||||
2024/03/22|481502129506|481273061205||||||||
2024/03/23|273542347957|227525508490||||||||
2024/03/24|394044864542|426548317081||||||||
2024/03/25|703605692125|668525647253||||||||
2024/03/26|554987303065|585643775762||||||||
2024/03/27|638426647212|656850050203||||||||
2024/03/28|367012996297|425979985254||||||||
2024/03/29|394044864542|426548317081||||||||
2024/03/30|305631414506|243870048764||||||||
2024/03/31|421076732787|427116648908||||||||
2024/04/01|726282844426|690420830797||||||||
2024/04/02|587267698949|658022157746||||||||
2024/04/03|615895822469|756174397338||||||||
2024/04/04|549338678751|757255188421||||||||
2024/04/05|627059073768|550543135504||||||||
2024/04/06|289586881232|235697778627||||||||
2024/04/07|407560798665|426832482995||||||||
2024/04/08|714944268276|679473239025||||||||
2024/04/09|649999370348|668056885114||||||||
2024/04/10|700946670111|659896697125||||||||
2024/04/11|546944496299|615876413986||||||||
2024/04/12|423624188385|448434560024||||||||
2024/04/13|281638333491|286782421298||||||||
2024/04/14|369882402907|389034036217||||||||
2024/04/15|720697581961|721438841568||||||||
2024/04/16|574906585759|634884507603||||||||
2024/04/17|599803639628|726991749149||||||||
2024/04/18|548141587525|686565801204||||||||
2024/04/19|525341631077|499488847764||||||||
2024/04/20|285612607362|261240099963||||||||
2024/04/21|388721600786|407933259606||||||||
2024/04/22|717820925119|700456040297||||||||
2024/04/23|612452978054|651470696359||||||||
2024/04/24|532746821086|625330650766||||||||
2024/04/25|509156554037|613382730814||||||||
2024/04/26|435513308075|505728983740||||||||
2024/04/27|242087799477|229924357531||||||||
2024/04/28|317470885332|375637230783||||||||
2024/04/29|500517468701|585905515601||||||||
2024/04/30|449769246359|529089962272||||||||
2024/05/01|353096243059|391785245195||||||||
2024/05/02|540783919637|665612646323||||||||
2024/05/03|483376770800|422934471842||||||||
2024/05/04|244850885177|224281223755||||||||
2024/05/05|307910326724|356260789759||||||||
2024/05/06|661250525745|666211107069||||||||
2024/05/07|642223334810|698362852129||||||||
2024/05/08|630484442742|697159989148||||||||
2024/05/09|584486372797|607772032181||||||||
2024/05/10|504461825092|645765780587||||||||
2024/05/11|314659012343|1031934637371||||||||
2024/05/12|271890506323|281780481575||||||||
2024/05/13|419185399056|594304482689||||||||
2024/05/14|649543047356|797345053461||||||||
2024/05/15|559400771199|1199165943724||||||||
2024/05/16|544785994555|674931078468||||||||
2024/05/17|435444847171|445834706975||||||||
2024/05/18|266746332516|249941210380||||||||
2024/05/19|345947367450|376489226279||||||||
2024/05/20|752297843539|1041133098811||||||||
2024/05/21|618922722337|753274579481||||||||
2024/05/22|779236923175|848523372832||||||||
2024/05/23|845230323103|864740402652||||||||
2024/05/24|622151559456|667890467078||||||||
2024/05/25|311594851486|290529747777||||||||
2024/05/26|403428948676|436621113264||||||||
2024/05/27|565356785098|604260198204||||||||
2024/05/28|660630726055|826903406735||||||||
2024/05/29|300433954209|335389600810||||||||
2024/05/30|273097722191|334155879633||||||||
2024/05/31|236607258947|255093004871||||||||
2024/06/01|114907150891|114011674743||||||||
2024/06/02|98095749325|97257935919||||||||
2024/06/03|161291479971|226427637321||||||||
2024/06/04|297664876727|360737823334||||||||
2024/06/05|293137004444|342374849244||||||||
2024/06/06|273111253451|472556383098||||||||
2024/06/07|243962868552|913592055784||||||||
2024/06/08|122424670805|508173071956||||||||
2024/06/09|206666282170|62724151278||||||||
2024/06/10|325478129499|163608614483||||||||
2024/06/11|633708982694|607997495451||||||||
2024/06/12|546664013322|339400643081||||||||
2024/06/13|606787239333|389091584166||||||||
2024/06/14|599688249428|320384925437||||||||
2024/06/15|456764156845|151902276820||||||||
2024/06/16|481918540512|273408166316||||||||
2024/06/17|606031884126|514043969328||||||||
2024/06/18|629076597733|471628862013||||||||
2024/06/19|584336883398|465378620989||||||||
2024/06/20|557030571603|417266264220||||||||
2024/06/21|527438507382|289551542220||||||||
2024/06/22|351899877256|97106586333||||||||
2024/06/23|426633462887|215415642238||||||||
2024/06/24|646706983154|423827740451||||||||
2024/06/25|641720025334|458226021419||||||||
2024/06/26|582667680868|404415237859||||||||
2024/06/27|592762753489|515933221659||||||||
2024/06/28|461581536818|330641975306||||||||
2024/06/29|237162274031|302639829145||||||||
2024/06/30|316649872529|139069896758||||||||
2024/07/01|243384804735|195018125902||||||||
2024/07/02|487731761500|399554618272||||||||
2024/07/03|524413331228|434602505531||||||||
2024/07/04|544601982774|390387433735||||||||
2024/07/05|503872534801|322468048076||||||||
2024/07/06|364283030623|113174767646||||||||
2024/07/07|440220331207|240707500200||||||||
2024/07/08|570393454397|404859484957||||||||
2024/07/09|601855279776|511158776873||||||||
2024/07/10|654589600907|438053777747||||||||
2024/07/11|611491814393|398218222838||||||||
2024/07/12|599047450631|307063919517||||||||
2024/07/13|398533251619|100569148727||||||||
2024/07/14|466603248424|217436246584||||||||
2024/07/15|722462803166|380333021718||||||||
2024/07/16|634389592229|427000235016||||||||
2024/07/17|664536864418|396343931071||||||||
2024/07/18|552918746391|377820592946||||||||
2024/07/19|491730836646|222425295328||||||||
2024/07/20|314879733849|74922890393||||||||
2024/07/21|298966486503|144428021101||||||||
2024/07/22|503183106452|341691754612||||||||
2024/07/23|491204526173|428231273492||||||||
2024/07/24|506786209143|1135801948147||||||||
2024/07/25|563460625533|1104195884895||||||||
2024/07/26|497323606141|326578898892||||||||
2024/07/27|357569945409|121713213288||||||||
2024/07/28|410825538793|226599295417||||||||
2024/07/29|603455749834|475630201999||||||||
2024/07/30|545875548394|422136063090||||||||
2024/07/31|1185738733680|476056624829||||||||
2024/08/01|567263026510|444787527225||||||||
2024/08/02|645284983045|345373180005||||||||
2024/08/03|342465114568|141626687321||||||||
2024/08/04|478835781273|279086256484||||||||
2024/08/05|508403287645|372517546969||||||||
2024/08/06|355837594702|222570227211||||||||
2024/08/07|316821283888|253687245326||||||||
2024/08/08|527420116026|465251927208||||||||
2024/08/09|351361779766|294823690837||||||||
2024/08/10|212454366361|146119773100||||||||
2024/08/11|273977927346|260459396509||||||||
2024/08/12|618538832562|354277779703||||||||
2024/08/13|348268036925|346887992673||||||||
2024/08/14|844551595317|466882316538||||||||
2024/08/15|494732720271|410603990843||||||||
2024/08/16|575403723451|296393471476||||||||
2024/08/17|250476704630|153495585541||||||||
2024/08/18|216291582456|156874241100||||||||
2024/08/19|333587997983|309002555156||||||||
2024/08/20|397445912547|429175997276||||||||
2024/08/21|386099819706|451542957052||||||||
2024/08/22|413397885766|495641451259||||||||
2024/08/23|443151875736|350529791045||||||||
2024/08/24|199739039247|141360042149||||||||
2024/08/25|247162692705|270425083233||||||||
2024/08/26|660236373001|469171339323||||||||
2024/08/27|417383970936|524171282040||||||||
2024/08/28|415342306717|479566343363||||||||
2024/08/29|440157209062|502841373801||||||||
2024/08/30|378370839178|357830283643||||||||
2024/08/31|166438400106|163553403494||||||||
2024/09/01|256995175706|256182712250||||||||
2024/09/02|433259265633|345682924136||||||||
2024/09/03|324352865063|419454362717||||||||
2024/09/04|391410979306|378718624682||||||||
2024/09/05|620944700123|494886144664||||||||
2024/09/06|487338187179|391371828196||||||||
2024/09/07|217143307511|202676311664||||||||
2024/09/08|289258409865|258700592345||||||||
2024/09/09|384034352420|474254422880||||||||
2024/09/10|419248493036|449518751394||||||||
2024/09/11|829225274101|712173502114||||||||
2024/09/12|422799890199|535342030929||||||||
2024/09/13|311065724779|282580636523||||||||
2024/09/14|215090485436|96232345180||||||||
2024/09/15|316333066793|321203622458||||||||
2024/09/16|615934650855|419703209324||||||||
2024/09/17|353427894896|456424951780||||||||
2024/09/18|434454200212|413022377539||||||||
2024/09/19|467795466313|418972614282||||||||
2024/09/20|379997375987|262159280887||||||||
2024/09/21|270675722621|93992020459||||||||
2024/09/22|318541277947|227383745374||||||||
2024/09/23|748785769534|383449408562||||||||
2024/09/24|605900842775|405280474349||||||||
2024/09/25|658690226080|429670936344||||||||
2024/09/26|735507260988|408555715240||||||||
2024/09/27|695728686619|265999759114||||||||
2024/09/28|385948957420|116208665415||||||||
2024/09/29|505805770832|228502211809||||||||
2024/09/30|646351699775|419439711317||||||||
2024/10/01|537544843534|420196930418||||||||
2024/10/02|616428042342|455720338066||||||||
2024/10/03|710897758600|479681555944||||||||
2024/10/04|565853077825|264446900595||||||||
2024/10/05|484183257239|119582913625||||||||
2024/10/06|594812466470|260948804280||||||||
2024/10/07|616241288514|452788743945||||||||
2024/10/08|589510042418|556969661807||||||||
2024/10/09|525919152859|346145223164||||||||
2024/10/10|569928232766|425829797411||||||||
2024/10/11|743305347689|312831588798||||||||
2024/10/12|542001558938|143417950242||||||||
2024/10/13|775511535061|175061183825||||||||
2024/10/14|978897140188|382003593155||||||||
2024/10/15|846609945319|553239639986||||||||
2024/10/16|779545979912|459579714712||||||||
2024/10/17|926705416575|428719893289||||||||
2024/10/18|1005524727270|317040165208||||||||
2024/10/19|686632951915|153156201628||||||||
2024/10/20|628882195500|256490399979||||||||
2024/10/21|902785372381|456948072601||||||||
2024/10/22|916650980596|520362385255||||||||
2024/10/23|1200196827690|523048516811||||||||
2024/10/24|505920826186|389535333312||||||||
2024/10/25|373909291407|304376197620||||||||
2024/10/26|277391866444|135560500424||||||||
2024/10/27|347988847952|264697781630||||||||
2024/10/28|658622244710|445694697947||||||||
2024/10/29|486948484404|467793064670||||||||
2024/10/30|631414009549|407650502594||||||||
2024/10/31|482331212129|360849212851||||||||
2024/11/01|389895614202|282342114831||||||||
2024/11/02|268880191761|97833798270||||||||
2024/11/03|268698637654|81027260061||||||||
2024/11/04|351974617234|237571672317||||||||
2024/11/05|687176164045|434972306953||||||||
2024/11/06|575190757669|385485019596||||||||
2024/11/07|630927483479|462686625193||||||||
2024/11/08|454681967209|339091058708||||||||
2024/11/09|333699772159|137652283942||||||||
2024/11/10|320187798367|98985678422||||||||
2024/11/11|439779190056|288314159325||||||||
2024/11/12|864865247453|509741009020||||||||
2024/11/13|698272172564|425905256262||||||||
2024/11/14|967134728415|421356614544||||||||
2024/11/15|544632314711|316715132780||||||||
2024/11/16|398021251326|122186898290||||||||
2024/11/17|527476403595|255518734710||||||||
2024/11/18|791312110822|442073781813||||||||
2024/11/19|837808361402|427083230956||||||||
2024/11/20|775126059421|439208106006||||||||
2024/11/21|796552973304|425401707293||||||||
2024/11/22|578580558268|272554948703||||||||
2024/11/23|490789318169|150597144269||||||||
2024/11/24|534135061717|287395089326||||||||
2024/11/25|750908944269|452589015638||||||||
2024/11/26|972632892174|517711479315||||||||
2024/11/27|1103114871587|424923241786||||||||
2024/11/28|685769891201|402764630353||||||||
2024/11/29|561606436490|294635040742||||||||
2024/11/30|444405284748|136392021280||||||||
2024/12/01|530805732656|271456912018||||||||
2024/12/02|771110527546|447331398726||||||||
2024/12/03|905220626788|472397355136||||||||
2024/12/04|874291593989|375934345900||||||||
2024/12/05|815589449010|400914275253||||||||
2024/12/06|802730644175|280477678790||||||||
2024/12/07|468797198890|118535849398||||||||
2024/12/08|628876330848|211279932303||||||||
2024/12/09|785693463748|438410230562||||||||
2024/12/10|1163689731494|451169929795||||||||
2024/12/11|850666306274|454657212454||||||||
2024/12/12|913965393387|426693566043||||||||
2024/12/13|908977510349|299538987389||||||||
2024/12/14|835113310713|126050018219||||||||
2024/12/15|701379762891|215462780021||||||||
2024/12/16|1331325489097|408744816095||||||||
2024/12/17|1141147043312|396078082577||||||||
2024/12/18|925873675077|422123210015||||||||
2024/12/19|918700040236|361921496273||||||||
2024/12/20|908739706912|238292980227||||||||
2024/12/21|686504866481|132214944408||||||||
2024/12/22|661615974112|179482676032||||||||
2024/12/23|1154066421779|343289282046||||||||
2024/12/24|893923202634|282210591060||||||||
2024/12/25|763151045181|282634846922||||||||
2024/12/26|876365422233|342487838212||||||||
2024/12/27|735930300407|224133617732||||||||
2024/12/28|794622973313|137561495142||||||||
2024/12/29|851665168533|225413125303||||||||
2024/12/30|976807354460|277833747997||||||||
2024/12/31|646699361956|168343099542||||||||
2025/01/01|600428415284|143146483828||||||||
2025/01/02|824812965476|270072001152||||||||
2025/01/03|824030000433|197106813061||||||||
2025/01/04|671703339088|80856707146||||||||
2025/01/05|721504488607|87324903026||||||||
2025/01/06|765620129482|180331437827||||||||
2025/01/07|1004410999544|324919956364||||||||
2025/01/08|1084777921234|397533345473||||||||
2025/01/09|1074549344307|477047866293||||||||
2025/01/10|954659262369|282030043483||||||||
2025/01/11|798914850447|119886801196||||||||
2025/01/12|829241721658|304369634926||||||||
2025/01/13|1158400537782|502852654622||||||||
2025/01/14|933454414986|514735122355||||||||
2025/01/15|1218234573086|476728847966||||||||
2025/01/16|1432439293625|573989022751||||||||
2025/01/17|1094764739687|332066327581||||||||
2025/01/18|838998468719|178709498402||||||||
2025/01/19|1044034491059|288870245519||||||||
2025/01/20|1348147075683|473956504509||||||||
2025/01/21|1102744866463|387078673568||||||||
2025/01/22|1019661733198|445000472926||||||||
2025/01/23|993532038906|492559833080||||||||
2025/01/24|1006164289206|335593748146||||||||
2025/01/25|1028947812956|247847136090||||||||
2025/01/26|932699157412|235234021157||||||||
2025/01/27|1592724839966|502730412261||||||||
2025/01/28|1427697073288|473151521813||||||||
2025/01/29|1119357875914|442334675971||||||||
2025/01/30|2431760790286|569022780460||||||||
2025/01/31|1843112904150|411617231622||||||||
2025/02/01|1088239021364|260682955606||||||||
2025/02/02|995696164550|469688606062||||||||
2025/02/03|1183934633044|445952684035||||||||
2025/02/04|1220925300504|472189240710||||||||
2025/02/05|1229165902295|545928426249||||||||
2025/02/06|1504373662238|541961563591||||||||
2025/02/07|1465046481681|367198743877||||||||
2025/02/08|1130909707227|182044950113||||||||
2025/02/09|1205474298170|290686395638||||||||
2025/02/10|1252292810366|458506457705||||||||
2025/02/11|1365852957724|488526278948||||||||
2025/02/12|1598513229820|629008125150||||||||
2025/02/13|1271687544491|563247084316||||||||
2025/02/14|1379695414340|371914950431||||||||
2025/02/15|1218168315189|202934031062||||||||
2025/02/16|1224974782439|330536426411||||||||
2025/02/17|1609568232072|498512396046||||||||
2025/02/18|1304632261495|529058590366||||||||
2025/02/19|1496281063947|514360915563||||||||
2025/02/20|1391633261744|445402412342||||||||
2025/02/21|1294344346999|376631156984||||||||
2025/02/22|1305426923151|223823112010||||||||
2025/02/23|1244475266707|370386457184||||||||
2025/02/24|1862289379815|600464247108||||||||
2025/02/25|1499637544473|473321810399||||||||
2025/02/26|1588604110394|543410201901||||||||
2025/02/27|1675640616844|571781213840||||||||
2025/02/28|1543584891295|485568555417||||||||
2025/03/01|1254173158135|208469267071||||||||
2025/03/02|1429821469046|359780318273||||||||
2025/03/03|1705947613838|491549513429||||||||
2025/03/04|1844741902874|530707741421||||||||
2025/03/05|1704431595092|509127713586||||||||
2025/03/06|1848785024570|602870702591||||||||
2025/03/07|1697289448654|462262762373||||||||
2025/03/08|1634672610501|374762161265||||||||
2025/03/09|1493056557828|368438235077||||||||
2025/03/10|1699330761051|517543686414||||||||
2025/03/11|1799559291193|573562796035||||||||
2025/03/12|2200557794724|587112154501||||||||
2025/03/13|2164579599955|641206914354||||||||
2025/03/14|2103153322317|476697724487||||||||
2025/03/15|1670242111568|222796535433||||||||
2025/03/16|1716403097067|522303042389||||||||
2025/03/17|2711710170633|575164565353||||||||
2025/03/18|2050046248699|576378972318||||||||
2025/03/19|2001828489005|678965206286||||||||
2025/03/20|1871919664155|742449822132||||||||
2025/03/21|2066815935327|415457308281||||||||
2025/03/22|1462368320716|329853028253||||||||
2025/03/23|1389411644199|185074632924||||||||
2025/03/24|1570251176090|444291496516||||||||
2025/03/25|1949002568801|443722002880||||||||
2025/03/26|2214610810197|492022838751||||||||
2025/03/27|2011696952217|478581068256||||||||
2025/03/28|1902738335894|367883592840||||||||
2025/03/29|1571209646569|186065365601||||||||
2025/03/30|1760374531578|355885378788||||||||
2025/03/31|2116679420717|402927203061||||||||
2025/04/01|1677052814527|485895409557||||||||
2025/04/02|1994968209625|567957164944||||||||
2025/04/03|1934628372804|547359481214||||||||
2025/04/04|1805568800620|495833217295||||||||
2025/04/05|1456495473057|761016696486||||||||
2025/04/06|1589749123501|311383074567||||||||
2025/04/07|1821018905013|620600585826||||||||
2025/04/08|2087959408189|575589669616||||||||
2025/04/09|1917174589106|574532549369||||||||
2025/04/10|1820541454823|727592328630||||||||
2025/04/11|1056259366627|371629471601||||||||
2025/04/12|345547467048|135186484750||||||||
2025/04/13|492737965522|198739513606||||||||
2025/04/14|857118635624|260596759090||||||||
2025/04/15|535277504077|271651199900||||||||
2025/04/16|459039681485|177204845623||||||||
2025/04/17|364358420066|115754478656||||||||
2025/04/18|357018705517|93886536605||||||||
2025/04/19|418003576206|96534000152||||||||
2025/04/20|522835226782|209607822354||||||||
2025/04/21|879672560893|379495572136||||||||
2025/04/22|731906498791|308146915385||||||||
2025/04/23|672697814342|232601235221||||||||
2025/04/24|784106173675|345749342767||||||||
2025/04/25|696034085004|307146779425||||||||
2025/04/26|523927112718|149529651821||||||||
2025/04/27|662933081993|259532098554||||||||
2025/04/28|902226486162|498394385181||||||||
2025/04/29|928535493504|344642630870||||||||
2025/04/30|886355947199|287997624818||||||||
2025/05/01|580921812131|244908620080||||||||
2025/05/02|764766934187|256092980586||||||||
2025/05/03|645346780410|149460382546||||||||
2025/05/04|697697020825|240250958331||||||||
2025/05/05|668626989301|395122751455||||||||
2025/05/06|847212081295|405950268095||||||||
2025/05/07|711649913450|406599335416||||||||
2025/05/08|546718620387|417182672476||||||||
2025/05/09|406802001411|273676195797||||||||
2025/05/10|263576339496|135890406382||||||||
2025/05/11|307138205926|251644037011||||||||
2025/05/12|498291493048|448954921172||||||||
2025/05/13|461042711701|341886026672||||||||
2025/05/14|477591802288|366246941544||||||||
2025/05/15|493163589614|384119363208||||||||
2025/05/16|393161463214|289634474187||||||||
2025/05/17|260593543606|165201439123||||||||
2025/05/18|384538070541|313938241097||||||||
2025/05/19|460572413058|363908555513||||||||
2025/05/20|455126773033|366505086575||||||||
2025/05/21|489590026273|381175593970||||||||
2025/05/22|554869272649|363865959341||||||||
2025/05/23|351708366710|318860963960||||||||
2025/05/24|220476029837|224754596264||||||||
2025/05/25|307789683770|250684701517||||||||
2025/05/26|486998059405|424514999415||||||||
2025/05/27|441317341983|409717001665||||||||
2025/05/28|459126180979|367431893109||||||||
2025/05/29|768351583541|357185454210||||||||
2025/05/30|377689568408|252738908953||||||||
2025/05/31|175107834974|117815540065||||||||
2025/06/01|357530807656|319722210277||||||||
2025/06/02|696319098653|437869874792||||||||
2025/06/03|490633190751|407064804378||||||||
2025/06/04|444599053710|384885282537||||||||
2025/06/05|451046774773|339240999014||||||||
2025/06/06|638739044351|317257861732||||||||
2025/06/07|270414332765|198824274159||||||||
2025/06/08|404085004507|280193130418||||||||
2025/06/09|916306284905|508617100457||||||||
2025/06/10|483261980170|358158172329||||||||
2025/06/11|454181923379|411458555219||||||||
2025/06/12|448629520483|485133976062||||||||
2025/06/13|381266414360|365198758307||||||||
2025/06/14|235306681628|284978844561||||||||
2025/06/15|310976610804|359251290135||||||||
2025/06/16|476331912400|367122649126||||||||
2025/06/17|440991178094|501740271834||||||||
2025/06/18|670914315167|447748179904||||||||
2025/06/19|592095939359|481216650281||||||||
2025/06/20|382622399443|270830340984||||||||
2025/06/21|238504205347|205772492066||||||||
2025/06/22|227360951570|185188210217||||||||
2025/06/23|378193907661|336692412566||||||||
2025/06/24|535933323123|362480068826||||||||
2025/06/25|656543579960|443496687256||||||||
2025/06/26|680409026954|474581275600||||||||
2025/06/27|396283524595|294113980998||||||||
2025/06/28|249147095522|176472301788||||||||
2025/06/29|226230033494|116326893856||||||||
2025/06/30|365719460236|331868096564||||||||
2025/07/01|628189371609|487177164258||||||||
2025/07/02|792949122049|490828767423||||||||
2025/07/03|893934294833|468410467641||||||||
2025/07/04|345708432229|281764401146||||||||
2025/07/05|252073367224|222802231983||||||||
2025/07/06|322630987526|323739769762||||||||
2025/07/07|487135199872|424567610473||||||||
2025/07/08|758965059855|475314509953||||||||
2025/07/09|831845000081|439590576925||||||||
2025/07/10|586563311585|403495113461||||||||
2025/07/11|410853417291|277606397824||||||||
2025/07/12|250173899013|315781212461||||||||
2025/07/13|357484773442|281742277109||||||||
2025/07/14|498575705540|404058159893||||||||
2025/07/15|497413683363|499039818562||||||||
2025/07/16|754053244017|542066957920||||||||
2025/07/17|801305278080|533325821820||||||||
2025/07/18|431640658833|294363222194||||||||
2025/07/19|247806814198|236879455142||||||||
2025/07/20|211201818484|184560795207||||||||
2025/07/21|543928769822|456143215384||||||||
2025/07/22|494906763898|540735326643||||||||
2025/07/23|505094274639|439697190240||||||||
2025/07/24|518982584197|597006621900||||||||
2025/07/25|417702420516|371032334662||||||||
2025/07/26|279141470279|305233308425||||||||
2025/07/27|397943637826|317985835491||||||||
2025/07/28|548403897042|525771639480||||||||
2025/07/29|524018413864|414830893735||||||||
2025/07/30|538216324438|467147873343||||||||
2025/07/31|522096188464|497740309391||||||||
2025/08/01|403870372808|275332684941||||||||
2025/08/02|235929814274|138782904416||||||||
2025/08/03|348599165258|240508890526||||||||
2025/08/04|635724060238|399295046759||||||||
2025/08/05|509462588881|477783110189||||||||
2025/08/06|521655299539|453422531792||||||||
2025/08/07|373271401542|279247363009||||||||
2025/08/08|407044661946|264068277302||||||||
2025/08/09|215467545930|145226869778||||||||
2025/08/10|321230527149|216107459353||||||||
2025/08/11|485451841156|405884879580||||||||
2025/08/12|499923826227|353941100102||||||||
2025/08/13|508776508647|415014510385||||||||
2025/08/14|479360996094|414956624701||||||||
2025/08/15|368461019398|285930819309||||||||
2025/08/16|239294808457|185181527752||||||||
2025/08/17|331776458764|214798574970||||||||
2025/08/18|345460777818|226999290557||||||||
2025/08/19|524774448380|370121735942||||||||
2025/08/20|512938981369|328301707283||||||||
2025/08/21|565347928779|441088889212||||||||
2025/08/22|418243998492|271497329357||||||||
2025/08/23|263122070983|225136185725||||||||
2025/08/24|342322390378|213489690587||||||||
2025/08/25|528395331007|423139950467||||||||
2025/08/26|556252197700|393738905026||||||||
2025/08/27|545727697966|379848719057||||||||
2025/08/28|526520107151|418537442954||||||||
2025/08/29|421483837328|255584251662||||||||
2025/08/30|277723919032|133816214842||||||||
2025/08/31|356579286720|218664218057||||||||
2025/09/01|549553179982|372860360696||||||||
2025/09/02|560247016040|405283645238||||||||
2025/09/03|483199674184|296235038404||||||||
2025/09/04|576759209026|424194598449||||||||
2025/09/05|527496046094|278188460659||||||||
2025/09/06|255299268699|167711413214||||||||
2025/09/07|407912656851|239103479285||||||||
2025/09/08|571539938077|404408493936||||||||
2025/09/09|531987066484|406137691317||||||||
2025/09/10|504252223526|400753465266||||||||
2025/09/11|437849963986|342152694734||||||||
2025/09/12|440452513657|287501386097||||||||
2025/09/13|250906424393|176091735681||||||||
2025/09/14|353900831577|284898123356||||||||
2025/09/15|567447274701|384111225486||||||||
2025/09/16|475292793369|369072228463||||||||
2025/09/17|512114542580|370757049486||||||||
2025/09/18|481701672393|444447778555||||||||
2025/09/19|380604448167|300341655930||||||||
2025/09/20|241645974506|135095827768||||||||
2025/09/21|322330197210|206896538782||||||||
2025/09/22|616633901375|393634329949||||||||
2025/09/23|628742974776|354596660516||||||||
2025/09/24|556804462221|361477015393||||||||
2025/09/25|493183001419|331241366261||||||||
2025/09/26|415069143775|261381371021||||||||
2025/09/27|262650784271|188415063190||||||||
2025/09/28|356850137082|264241133333||||||||
2025/09/29|542009837191|407350686790||||||||
2025/09/30|560904911878|452738738230||||||||
2025/10/01|638225242248|468090734463||||||||
2025/10/02|617953741470|420214345492||||||||
2025/10/03|617635761122|360006120232||||||||
2025/10/04|293303581532|158698501017||||||||
2025/10/05|456741481994|238799692554||||||||
2025/10/06|574523068859|479079558733||||||||
2025/10/07|573796973447|435964176217||||||||
2025/10/08|552421024758|394368905100||||||||
2025/10/09|547558578436|429112062727||||||||
2025/10/10|395747850501|321233651591||||||||
2025/10/11|248515060097|235345664734||||||||
2025/10/12|241801265127|160496152205||||||||
2025/10/13|401486219426|273330687520||||||||
2025/10/14|532699050534|371348893500||||||||
2025/10/15|488940093647|372678303923||||||||
2025/10/16|600748214738|441345378708||||||||
2025/10/17|556691805812|321560179520||||||||
2025/10/18|326278378478|174615812745||||||||
2025/10/19|408341997307|245403568033||||||||
2025/10/20|488004644143|376205123127||||||||
2025/10/21|553248011991|403656534859||||||||
2025/10/22|562900749082|471910220542||||||||
2025/10/23|542945323872|427871262841||||||||
2025/10/24|404987873614|304064321647||||||||
2025/10/25|270890891036|192810246391||||||||
2025/10/26|356577786172|255815636443||||||||
2025/10/27|561339627383|404255147444||||||||
2025/10/28|532593071297|398932165834||||||||
2025/10/29|531509040335|370023277805||||||||
2025/10/30|494271868524|482349531337||||||||
2025/10/31|445785649905|443574882561||||||||
2025/11/01|274406918219|217449749100||||||||
2025/11/02|384334375166|168098454306||||||||
2025/11/03|548073922642|652195282778||||||||
2025/11/04|571411853578|447392607968||||||||
2025/11/05|503817105835|439337645492||||||||
2025/11/06|530308161846|421978594189||||||||
2025/11/07|468306500311|538005844644||||||||
2025/11/08|252260804521|336486582001||||||||
2025/11/09|251307339281|236681576715||||||||
2025/11/10|506140863413|413712804321||||||||
2025/11/11|480659768268|425732626980||||||||
2025/11/12|516754973454|393850940975||||||||
2025/11/13|508499103279|384013355758||||||||
2025/11/14|431381173852|309848922068||||||||
2025/11/15|263078894883|188038579120||||||||
2025/11/16|253505002007|192349119883||||||||
2025/11/17|395487920749|357285051664||||||||
2025/11/18|505430447178|450929297411||||||||
2025/11/19|475241377195|486004736086||||||||
2025/11/20|500490638993|559245203377||||||||
2025/11/21|398653034538|364804534425||||||||
2025/11/22|269385189765|194280170562||||||||
2025/11/23|339991989181|268712633766||||||||
2025/11/24|530661329615|414411432838||||||||
2025/11/25|540655885750|545727710967||||||||
2025/11/26|546791008493|368451550779||||||||
2025/11/27|467460457430|312675074256||||||||
2025/11/28|420327838496|271406450841||||||||
2025/11/29|296170416982|167977571468||||||||
2025/11/30|460444436051|219155217860||||||||
2025/12/01|545239342695|573432369503||||||||
2025/12/02|630459929801|700111301755||||||||
2025/12/03|729904135501|730623278774||||||||
2025/12/04|579143675036|383683330532||||||||
2025/12/05|591351688515|298741876731||||||||
2025/12/06|281173321312|182198946410||||||||
2025/12/07|229695671305|119392469920||||||||
2025/12/08|406868755422|314431418534||||||||
2025/12/09|705510383950|519498205785||||||||
2025/12/10|560077034631|426465725864||||||||
2025/12/11|444679917839|400500865070||||||||
2025/12/12|431732063275|348010823893||||||||
2025/12/13|288351538915|190731035303||||||||
2025/12/14|428334170609|318217751779||||||||
2025/12/15|878972840974|494589304974||||||||
2025/12/16|549025306193|393116832551||||||||
2025/12/17|512223086848|419064634755||||||||
2025/12/18|520045373023|571229453795||||||||
2025/12/19|436494023879|399403909354||||||||
2025/12/20|277432289735|192906460776||||||||
2025/12/21|359253094304|263279869195||||||||
2025/12/22|818136428736|416303376287||||||||
2025/12/23|484820485268|344497451841||||||||
2025/12/24|333745517517|309667973358||||||||
2025/12/25|343140771192|306783786143||||||||
2025/12/26|406955058513|342475007107||||||||
2025/12/27|298546256482|243050885153||||||||
2025/12/28|368825673999|274365219389||||||||
2025/12/29|445441207462|299310742301||||||||
2025/12/30|452509530358|374677239778||||||||
2025/12/31|290006116924|172170500405||||||||
2026/01/01|293533655464|172048499319||||||||
2026/01/02|361607903961|284528625731||||||||
2026/01/03|272472866034|164478769769||||||||
2026/01/04|367040433834|202059119095||||||||
2026/01/05|416105672480|224739331247||||||||
2026/01/06|437998635294|352042074400||||||||
2026/01/07|447884663989|432044281258||||||||
2026/01/08|528067085005|500235768297||||||||
2026/01/09|426504601638|216529098040||||||||
2026/01/10|195449557810|109138620499||||||||
2026/01/11|172715955367|99005746693||||||||
2026/01/12|299668572313|184723332745||||||||
2026/01/13|423487740229|329406909021||||||||
2026/01/14|457346235573|287713387223||||||||
2026/01/15|412123884558|310883327481||||||||
2026/01/16|348964730505|222750466037||||||||
2026/01/17|226395675345|139917639850||||||||
2026/01/18|428246421081|191060052444||||||||
2026/01/19|654168960385|381951830773||||||||
2026/01/20|487182448889|433434715714||||||||
2026/01/21|461682322493|443538127947||||||||
2026/01/22|406681183840|402643811420||||||||
2026/01/23|334183314566|286703219035||||||||
2026/01/24|212436886548|149273882968||||||||
2026/01/25|320948314562|229549560527||||||||
2026/01/26|740919914951|368443109312||||||||
2026/01/27|442486625648|348277719927||||||||
2026/01/28|441286016920|359850490116||||||||
2026/01/29|438906033878|373789693887||||||||
2026/01/30|366963781507|272865968879||||||||
2026/01/31|225186177213|149135306044||||||||
2026/02/01|307102400036|205517100311||||||||
2026/02/02|625380834446|379722000831||||||||
2026/02/03|455348320363|314657844276||||||||
2026/02/04|708376144506|319719057185||||||||
2026/02/05|432913765584|340119452067||||||||
2026/02/06|360307337886|253558070602||||||||
2026/02/07|207864523053|122425315515||||||||
2026/02/08|300179442773|193500870203||||||||
2026/02/09|708995038246|367684731400||||||||
2026/02/10|460227537650|374075148404||||||||
2026/02/11|568423464326|326716985637||||||||
2026/02/12|443431569622|318669931882||||||||
2026/02/13|353650894264|234250172325||||||||
2026/02/14|190542868892|95715324986||||||||
2026/02/15|293256485509|181484640095||||||||
2026/02/16|434147774253|276879488286||||||||
2026/02/17|510309761563|362479494604||||||||
2026/02/18|626149676793|348110651000||||||||
2026/02/19|471491913615|316338841177||||||||
2026/02/20|384374156317|313427556163||||||||
2026/02/21|223270888786|111923365387||||||||
2026/02/22|301516340583|193030965965||||||||
2026/02/23|733029827031|327802155887||||||||
2026/02/24|493987880679|313322150028||||||||
2026/02/25|458725170344|362647327814||||||||
2026/02/26|457461741619|317504386530||||||||
2026/02/27|369012525291|273838864244||||||||
2026/02/28|206906878839|103819345187||||||||
2026/03/01|297386413046|187257803030||||||||
2026/03/02|583588800642|302340822087||||||||
2026/03/03|502148821121|337900822316||||||||
2026/03/04|542437423569|355378989407||||||||
2026/03/05|676397183946|385449899554||||||||
2026/03/06|376693340804|293633210204||||||||
2026/03/07|215088883813|107871355287||||||||
2026/03/08|299451376815|190144384498||||||||
2026/03/09|658309313837|315071488987||||||||
2026/03/10|498068350900|325611486172||||||||
2026/03/11|500581296957|359013158611||||||||
2026/03/12|555796783173|358954267211||||||||
2026/03/13|392812270155|239951521875||||||||
2026/03/14|237373724581|109339743020||||||||
2026/03/15|350781030266|213053494823||||||||
2026/03/16|801900352945|375101947321||||||||
2026/03/17|530034032549|361122153267||||||||
2026/03/18|523678416133|365938464425||||||||
2026/03/19|488533846710|344970207615||||||||
2026/03/20|365193788839|215255355911||||||||
2026/03/21|225753524439|108504435222||||||||
2026/03/22|219072569273|101339469416||||||||
2026/03/23|360891512873|218950262259||||||||
2026/03/24|729116107244|433591349257||||||||
2026/03/25|549697750786|354828348334||||||||
2026/03/26|493362348843|378225736701||||||||
2026/03/27|476703038805|287687195267||||||||
2026/03/28|267770554906|150321704783||||||||
2026/03/29|336874139619|218538560045||||||||
2026/03/30|730104833391|345086718154||||||||
2026/03/31|629575069897|397356751262||||||||
2026/04/01|633620498465|352071897824||||||||
2026/04/02|502406114913|419000306901||||||||
2026/04/03|236348944704|123463066265||||||||
2026/04/04|231525564377|109387310420||||||||
2026/04/05|355312160366|282754071561||||||||
2026/04/06|480695507664|369472380358||||||||
2026/04/07|512709223500|347009758278||||||||
2026/04/08|743562580797|338205331223||||||||
2026/04/09|516278383115|493030406186||||||||
2026/04/10|425326786342|286365806045||||||||
2026/04/11|255458669107|125859446774||||||||
2026/04/12|433598128453|247506520538||||||||
2026/04/13|820157973064|461430124378||||||||
2026/04/14|794527755776|413598661942||||||||
2026/04/15|619457752003|345155488036||||||||
2026/04/16|599273382510|450553334344||||||||
2026/04/17|456861760827|336420257660||||||||
2026/04/18|278431204234|151796548111||||||||
2026/04/19|371504065469|242702166726||||||||
2026/04/20|564022613799|409283721925||||||||
2026/04/21|959480441655|429840572622||||||||
2026/04/22|605295005541|338239078247||||||||
2026/04/23|614501000793|383469696978||||||||
2026/04/24|452003917634|269168995971||||||||
2026/04/25|265097055741|132323350403||||||||
2026/04/26|366123294209|234544495261||||||||
2026/04/27|671292273208|433209692302||||||||
2026/04/28|703037411889|513468142550||||||||
2026/04/29|548636409270|403851982265||||||||
2026/04/30|455625383131|343391519347||||||||
2026/05/01|286814513862|195551965495||||||||
2026/05/02|278996229837|148606095384||||||||
2026/05/03|372988972920|241130917884||||||||
2026/05/04|780845837194|463627820464||||||||
2026/05/05|584486830104|396293609518||||||||
2026/05/06|549384189249|396016708745||||||||
2026/05/07|526059299115|433320252058||||||||
2026/05/08|442092777894|290958859364||||||||
2026/05/09|292895403933|164888840365||||||||
2026/05/10|379854651630|247717340506||||||||
2026/05/11|601622437437|445525384131||||||||
2026/05/12|598019136415|436481237069||||||||
2026/05/13|549328761556|405423194072||||||||
2026/05/14|583704607569|414581778171||||||||
2026/05/15|771557758264|439516003245||||||||
2026/05/16|314599068249|165909105695||||||||
2026/05/17|277032359587|110869752766||||||||
2026/05/18|578712257460|326397206886||||||||
2026/05/19|836923666999|507009386972||||||||
2026/05/20|601952401695|436649418608||||||||
2026/05/21|582477763516|435632887047||||||||
2026/05/22|475899082040|357655232100||||||||
2026/05/23|316091001000|142672589402||||||||
2026/05/24|313439047773|204329325141||||||||
2026/05/25|289356128730|163198603443||||||||
2026/05/26|614101860303|391870908864||||||||
2026/05/27|599590613435|445218588914||||||||
2026/05/28|599378469585|467178488979||||||||
2026/05/29|484089332652|359965320076||||||||
2026/05/30|308381381744|184678759300||||||||
2026/05/31|349845735959|297788897515|1|||||||
2026/06/01|542975204073|443519616013||||||||
2026/06/02|525893577513|464622499682||||||||
2026/06/03|542517387752|434137376962||||||||
2026/06/04|553300301815|454084643240||||||||
2026/06/05|449067227053|387887712536||||||||
2026/06/06|297951682828|146548617289||||||||
2026/06/07|268180228965|143284981388||||||||
2026/06/08|453005997193|297072424818||||||||
2026/06/09|572848395366|499214197435||||||||
2026/06/10|581507272376|501343866262||||||||
2026/06/11|577271170825|583707724531||||||||
2026/06/12|466257703418|319471726210||||||||
2026/06/13|323038910061|160760235757||||||||
2026/06/14|278434551725|136611954615||||||||
2026/06/15|429240594994|312673087055||||||||
2026/06/16|653389013743|501030787493||||||||
2026/06/17|578364919672|478552311933||||||||
2026/06/18|813305147363|495112516674||||||||
2026/06/19|469771265245|333253575548||||||||
2026/06/20|288505286419|187384093387||||||||
2026/06/21|415692266791|260139186597||||||||
2026/06/22|641087189572|501663143224||||||||
2026/06/23|581163380643|422836519863||||||||
2026/06/24|626201817798|410548863107||||||||
2026/06/25|553098949547|464271488104||||||||
2026/06/26|507363259535|329824755774||||||||
2026/06/27|306881396190|185100688968||||||||
2026/06/28|266327462948|138506472950||||||||
2026/06/29|405475192795|328273749292||||||||
2026/06/30|733929632119|502847377550||||||||
2026/07/01|578045485498|459441814551||||||||
2026/07/02|644065823681|406337346271||||||||
2026/07/03|487918838576|287495529078||||||||
2026/07/04|310135770047|153999961898||||||||
2026/07/05|434038536494|243201495327||||||||
2026/07/06|645472215782|433335777757||||||||
2026/07/07|594977304107|410148430404||||||||
2026/07/08|566257575510|407025228042||||||||
2026/07/09|677764941729|352295385701||||||||
2026/07/10|574268542827|279350828675||||||||
2026/07/11|441954190826|122850608708||||||||
2026/07/12|404433553321|134398066637||||||||
2026/07/13|470022290158|271794047241||||||||
2026/07/14|628843782755|425240411817||||||||
2026/07/15|612221554440|557788729316||||||||
2026/07/16|654269505623|452444773342||||||||
2026/07/17|502235020214|343930995350||||||||
2026/07/18|315316564956|199016900324||||||||
2026/07/19|319630605521|161369199469||||||||
2026/07/20|483304335633|316839742200||||||||
2026/07/21|670815180848|454509750776||||||||
2026/07/22|625990826048|419226780159||||||||
2026/07/23|595996990614|387395861087||||||||
2026/07/24|539149620704|277459403065||||||||
2026/07/25|388885674650|162639952262||||||||
2026/07/26|471691254142|260802012511||||||||
2026/07/27|476663312896|294316894721||||||||
2026/07/28|644469221586|434579984921||||||||
2026/07/29|640218045961|456692312530||||||||
2026/07/30|605847630616|389825558772||||||||
2026/07/31|531521874557|341624936600||||||||
2026/08/01|334029902937|144755763096||||||||
2026/08/02|407957044046|270610201250||||||||
2026/08/03|633515829743|485444755714||||||||
2026/08/04|611546024641|436370057276||||||||
2026/08/05|582163223387|329757857761||||||||
2026/08/06|370203405403|193946111144||||||||
2026/08/07|322909028164|130738384967||||||||
2026/08/08|341959071800|135248255327||||||||
2026/08/09|422398487898|293356986573||||||||
2026/08/10|650334815155|464257978120||||||||
2026/08/11|630750206089|431741584879||||||||
2026/08/12|824907018105|425694618765||||||||
2026/08/13|585849561656|432006032574||||||||
2026/08/14|730143974796|435238914027||||||||
2026/08/15|360285079183|128289318992||||||||
2026/08/16|433634922954|276854806678||||||||
2026/08/17|684612153799|459578391485||||||||
2026/08/18|699514304203|482495960613||||||||
2026/08/19|664639930347|494820214942||||||||
2026/08/20|672887185582|447731470507||||||||
2026/08/21|560942531795|331954141785||||||||
2026/08/22|322413302464|158303990249||||||||
2026/08/23|444871358009|260352626782||||||||
2026/08/24|718889492442|454898804850||||||||
2026/08/25|637446790253|423163495753||||||||
2026/08/26|647074901264|379490555621||||||||
2026/08/27|625654371248|449913720354||||||||
2026/08/28|525689160151|447115367215||||||||
2026/08/29|366088613488|150051843253||||||||
2026/08/30|447028669547|293947293126||||||||
2026/08/31|727475893745|646652039451||||||||
2026/09/01|625410552500|452744556047||||||||
2026/09/02|683667311605|457427391620||||||||
2026/09/03|641865550051|492411501527||||||||
2026/09/04|618877510850|407958524046||||||||
2026/09/05|352166869206|136992727762||||||||
2026/09/06|341374741832|211628050211||||||||
2026/09/07|883808390161|1315535386985||||||||
2026/09/08|874036256025|1135835821487||||||||
2026/09/09|778621513693|528481450207||||||||
2026/09/10|696629011297|404522537546||||||||
2026/09/11|474773204473|279193073552||||||||
2026/09/12|303049730161|127603750585||||||||
2026/09/13|486043035808|236391486783||||||||
2026/09/14|804327607937|877002623841||||||||
2026/09/15|800379390588|811100418969||||||||
2026/09/16|790024667351|467991483232||||||||
2026/09/17|622383420661|428201429959||||||||
2026/09/18|552887840673|310220713761||||||||
2026/09/19|348201635394|149772203799||||||||
2026/09/20|506423502655|271129621909||||||||
2026/09/21|724846825712|438469860697||||||||
2026/09/22|726722525151|486365016451||||||||
2026/09/23|801427821009|407501516257||||||||
2026/09/24|638018817777|418587774338||||||||
2026/09/25|574467053749|298751626940||||||||
2026/09/26|354136797944|121930678997||||||||
2026/09/27|486341059244|210139508472||||||||
2026/09/28|693647008505|447911443115||||||||
2026/09/29|637978103497|410610794168||||||||
2026/09/30|661066960489|431322566871||||||||
2026/10/01||||||||||
2026/10/02||||||||||
2026/10/03||||||||||
2026/10/04||||||||||
2026/10/05||||||||||
2026/10/06||||||||||
2026/10/07||||||||||
2026/10/08||||||||||
2026/10/09||||||||||
2026/10/10||||||||||
2026/10/11||||||||||
2026/10/12||||||||||
2026/10/13||||||||||
2026/10/14||||||||||
2026/10/15||||||||||
2026/10/16||||||||||
2026/10/17||||||||||
2026/10/18||||||||||
2026/10/19||||||||||
2026/10/20||||||||||
2026/10/21||||||||||
2026/10/22||||||||||
2026/10/23||||||||||
2026/10/24||||||||||
2026/10/25||||||||||
2026/10/26||||||||||
2026/10/27||||||||||
2026/10/28||||||||||
2026/10/29||||||||||
2026/10/30||||||||||
2026/10/31||||||||||
2026/11/01||||||||||
2026/11/02||||||||||
2026/11/03||||||||||
2026/11/04||||||||||
2026/11/05||||||||||
2026/11/06||||||||||
2026/11/07||||||||||
2026/11/08||||||||||
2026/11/09||||||||||
2026/11/10||||||||||
2026/11/11||||||||||
2026/11/12||||||||||
2026/11/13||||||||||
2026/11/14||||||||||
2026/11/15||||||||||
2026/11/16||||||||||
2026/11/17||||||||||
2026/11/18||||||||||
2026/11/19||||||||||
2026/11/20||||||||||
2026/11/21||||||||||
2026/11/22||||||||||
2026/11/23||||||||||
2026/11/24||||||||||
2026/11/25||||||||||
2026/11/26||||||||||
2026/11/27||||||||||
2026/11/28||||||||||
2026/11/29||||||||||
2026/11/30||||||||||
2026/12/01||||||||||
2026/12/02||||||||||
2026/12/03||||||||||
2026/12/04||||||||||
2026/12/05||||||||||
2026/12/06||||||||||
2026/12/07||||||||||
2026/12/08||||||||||
2026/12/09||||||||||
2026/12/10||||||||||
2026/12/11||||||||||
2026/12/12||||||||||
2026/12/13||||||||||
2026/12/14||||||||||
2026/12/15||||||||||
2026/12/16||||||||||
2026/12/17||||||||||
2026/12/18||||||||||
2026/12/19||||||||||
2026/12/20||||||||||
2026/12/21||||||||||
2026/12/22||||||||||
2026/12/23||||||||||
2026/12/24||||||||||
2026/12/25||||||||||
2026/12/26||||||||||
2026/12/27||||||||||
2026/12/28||||||||||
2026/12/29||||||||||
2026/12/30||||||||||
2026/12/31||||||||||
