Fecha|tx|rx
2026/10/02|509161885361|351714615236
2026/10/03|496500106248|343652727685
2026/10/04|487570852211|336441102175
2026/10/05|554162291882|380288215705
2026/10/06|539658858258|372945108400
2026/10/07|529370500854|365454680440
2026/10/08|520012155613|358219995188
2026/10/09|508422604135|352348450965
2026/10/10|497718252899|343039345996
2026/10/11|485661817061|336061451395
2026/10/12|554089470046|384087419464
2026/10/13|542907653233|374332775795
2026/10/14|530999418419|368075478314
2026/10/15|521201988520|358300937769
2026/10/16|509355697083|351578561600
2026/10/17|496715228011|342982682886
2026/10/18|487116420207|336111227969
2026/10/19|551900911950|383503627541
2026/10/20|543027491676|372588656118
2026/10/21|530861366711|367689915350
2026/10/22|519639868498|359791015224
2026/10/23|507988427441|351084080909
2026/10/24|499193747494|342351676193
2026/10/25|486493430834|336634267521
2026/10/26|552532561966|381761105120
2026/10/27|541562424652|375081966070
2026/10/28|531554544538|367165083519
2026/10/29|520295033767|361526213462
2026/10/30|509290482850|351535414454
2026/10/31|498251167796|342889214848
2026/11/01|450032649565|325477139030
2026/11/02|508019461144|369881087874
2026/11/03|497723402014|363938226974
2026/11/04|487194350255|355879525342
2026/11/05|478726470016|347879131826
2026/11/06|469167145427|341894598156
2026/11/07|457517325604|331128882852
2026/11/08|446482673819|324435255308
2026/11/09|507521733987|368422533871
2026/11/10|499107811510|361713328986
2026/11/11|489048062835|353065899872
2026/11/12|478639768299|348233131420
2026/11/13|467030731562|339750442575
2026/11/14|457929384125|330770095901
2026/11/15|447621838841|323957165423
2026/11/16|508763675924|370000050974
2026/11/17|499370726976|363275385737
2026/11/18|488429385196|357357220647
2026/11/19|478801396023|351131878290
2026/11/20|467903507676|340560301734
2026/11/21|457997195350|331382316712
2026/11/22|448234496833|322536908505
2026/11/23|506768505592|369941785801
2026/11/24|497952667312|361175064051
2026/11/25|487603183935|354288805483
2026/11/26|477232504363|346646508687
2026/11/27|467495482084|339854031908
2026/11/28|459432782139|333997139753
2026/11/29|446452106974|325448863997
2026/11/30|509656097220|369399431058
2026/12/01|634842771437|356437452326
2026/12/02|623450746270|348323423326
2026/12/03|611046344069|342534033596
2026/12/04|598553640444|335783128172
2026/12/05|585705600403|330799406414
2026/12/06|572806505461|321415025925
2026/12/07|649427995826|366306169119
2026/12/08|636295854574|357119753050
2026/12/09|624870902388|348946420093
2026/12/10|610624822361|341924941285
2026/12/11|596336952026|334928985484
2026/12/12|583509621372|331258048793
2026/12/13|570767338367|320204418570
2026/12/14|650435062036|366122668433
2026/12/15|637015870209|356606293682
2026/12/16|624671497164|351638839180
2026/12/17|610343914965|343642361225
2026/12/18|598044464469|335652285978
2026/12/19|585603646561|328498570393
2026/12/20|571493697492|320416348987
2026/12/21|650386981221|365623475118
2026/12/22|636058252314|357176122456
2026/12/23|623417209991|348894694003
2026/12/24|610398102384|341527002212
2026/12/25|596432013191|336071093841
2026/12/26|585438615521|330559184929
2026/12/27|571303143654|321452829011
2026/12/28|649858043989|364905107365
2026/12/29|637418656925|358118505706
2026/12/30|624381058426|352115149628
2026/12/31|611644750778|343431741730
